{"cameraMode":{"drawMode":0,"name":"Shaded","section":"Shading Mode"},"sceneLighting":true,"audioPlay":false,"sceneViewState":{"showFog":true,"showMaterialUpdate":true,"showSkybox":true,"showFlares":true,"showImageEffects":true,"showParticleSystems":true},"in2DMode":false,"pivot":{"x":63.080745697021487,"y":24.845230102539064,"z":101.14262390136719},"rotation":{"x":0.257289856672287,"y":-0.4239083230495453,"z":0.126961812376976,"w":0.8590601682662964},"size":36.49128723144531,"orthographic":true}