{"cameraMode":{"drawMode":0,"name":"Shaded","section":"Shading Mode"},"sceneLighting":true,"audioPlay":false,"sceneViewState":{"showFog":true,"showMaterialUpdate":true,"showSkybox":true,"showFlares":true,"showImageEffects":true,"showParticleSystems":true},"in2DMode":false,"pivot":{"x":466.34234619140627,"y":249.714111328125,"z":255.7647705078125},"rotation":{"x":0.02249792590737343,"y":-0.004498506896197796,"z":0.00010125360859092325,"w":0.9997367858886719},"size":923.1648559570313,"orthographic":false}