{"cameraMode":{"drawMode":0,"name":"Shaded","section":"Shading Mode"},"sceneLighting":false,"audioPlay":false,"sceneViewState":{"showFog":true,"showMaterialUpdate":false,"showSkybox":true,"showFlares":true,"showImageEffects":true,"showParticleSystems":true},"in2DMode":false,"pivot":{"x":0.0,"y":-0.027835257351398469,"z":-0.05924779921770096},"rotation":{"x":0.16104455292224885,"y":0.21080918610095979,"z":-0.0352347306907177,"w":0.9635262489318848},"size":0.24371162056922913,"orthographic":false}