{"cameraMode":{"drawMode":0,"name":"Shaded","section":"Shading Mode"},"sceneLighting":true,"audioPlay":false,"sceneViewState":{"showFog":true,"showMaterialUpdate":true,"showSkybox":true,"showFlares":true,"showImageEffects":true,"showParticleSystems":true},"in2DMode":false,"pivot":{"x":0.39593786001205447,"y":-0.8358781337738037,"z":1.7665317058563233},"rotation":{"x":-0.10492115467786789,"y":-0.1205223873257637,"z":0.012811060063540936,"w":-0.9870673418045044},"size":7.634693145751953,"orthographic":false}