{"cameraMode":{"drawMode":0,"name":"Shaded","section":"Shading Mode"},"sceneLighting":false,"audioPlay":false,"sceneViewState":{"showFog":true,"showMaterialUpdate":false,"showSkybox":true,"showFlares":true,"showImageEffects":true,"showParticleSystems":true},"in2DMode":false,"pivot":{"x":-0.00038379430770874023,"y":1.7776739597320557,"z":0.07517802715301514},"rotation":{"x":-0.26309633255004885,"y":0.6795900464057922,"z":-0.28773340582847597,"w":-0.6214075088500977},"size":7.088957786560059,"orthographic":false}