{"cameraMode":{"drawMode":0,"name":"Shaded","section":"Shading Mode"},"sceneLighting":true,"audioPlay":false,"sceneViewState":{"showFog":true,"showMaterialUpdate":true,"showSkybox":true,"showFlares":true,"showImageEffects":true,"showParticleSystems":true},"in2DMode":false,"pivot":{"x":0.0,"y":-0.7200000286102295,"z":1.8899999856948853},"rotation":{"x":-0.038868777453899387,"y":-0.5478494167327881,"z":0.025493377819657327,"w":-0.8352846503257752},"size":8.227232933044434,"orthographic":false}