{"cameraMode":{"drawMode":0,"name":"Shaded","section":"Shading Mode"},"sceneLighting":true,"audioPlay":false,"sceneViewState":{"showFog":true,"showMaterialUpdate":false,"showSkybox":true,"showFlares":true,"showImageEffects":true,"showParticleSystems":true},"in2DMode":false,"pivot":{"x":170.0841064453125,"y":-65.38717651367188,"z":62.576019287109378},"rotation":{"x":-0.25833675265312197,"y":-0.7097883820533752,"z":0.3209089934825897,"w":-0.5713842511177063},"size":424.2919921875,"orthographic":false}