{"cameraMode":{"drawMode":0,"name":"Shaded","section":"Shading Mode"},"sceneLighting":true,"audioPlay":false,"sceneViewState":{"showFog":true,"showMaterialUpdate":true,"showSkybox":true,"showFlares":true,"showImageEffects":true,"showParticleSystems":true},"in2DMode":false,"pivot":{"x":45.33000183105469,"y":36.95600128173828,"z":95.83000183105469},"rotation":{"x":-0.04887058958411217,"y":-0.3349204957485199,"z":0.01739741861820221,"w":-0.9408173561096191},"size":4.582735061645508,"orthographic":false}