{"cameraMode":{"drawMode":0,"name":"Shaded","section":"Shading Mode"},"sceneLighting":false,"audioPlay":false,"sceneViewState":{"showFog":true,"showMaterialUpdate":true,"showSkybox":true,"showFlares":true,"showImageEffects":true,"showParticleSystems":true},"in2DMode":false,"pivot":{"x":-1.7916593551635743,"y":2.2460505962371828,"z":3.459390640258789},"rotation":{"x":0.7258400321006775,"y":-0.011347516439855099,"z":0.011977446265518666,"w":0.6876657605171204},"size":4.058195114135742,"orthographic":true}