{"cameraMode":{"drawMode":0,"name":"Shaded","section":"Shading Mode"},"sceneLighting":true,"audioPlay":false,"sceneViewState":{"showFog":true,"showMaterialUpdate":true,"showSkybox":true,"showFlares":true,"showImageEffects":true,"showParticleSystems":true},"in2DMode":false,"pivot":{"x":473.39111328125,"y":254.96673583984376,"z":-188.35769653320313},"rotation":{"x":-0.03897619992494583,"y":-0.026976481080055238,"z":0.001052532927133143,"w":-0.9988753795623779},"size":603.7559814453125,"orthographic":true}